bdfbdf,"ccgdfbdfb fghdfhfd",1514757600,low,atlikta
ghjghjgj,ghjghj,1514757600,normal,atlikta
"ghjgjgh ","hgjfg fgjf fgj",1514757600,low,atlikta
"fgjfg fgfgj ","fgjfg fgjfgj fgjfgj ",1514757600,low,atlikta
fgfgjhfgjhfg," fgjfg fgjfj fgjf fgjgfjfj",1514757600,low,neatlikta
"tytyurt rtutrurt rtutruru","rtyurtur rturtur rturturt rturtu rrturtur ",1514757600,low,neatlikta
tryrtrturtu,"rturt rujui rtturtuir",1514757600,low,neatlikta
kjhgjkh,"bgdffdffdgd ",1514757600,low,neatlikta
,cbcc,1514757600,low,neatlikta
cvbcvb,cvbcvbc,1514757600,low,neatlikta
